Date,City,State,AreaType,School,Fatalities,Wounded,Month,Day of Week,Region,Severity
3/27/1990,Brooklyn,New York,urban,C,0,1,March,Tuesday,Northeast,Low
5/20/1990,Centerville,Tennessee,suburban,HS,1,Unknown,May,Sunday,South,Low
8/26/1990,Las Vegas,Nevada,urban,HS,1,Unknown,August,Sunday,West,Low
9/11/1990,San Antonio,Texas,urban,HS,0,3,September,Tuesday,South,Medium
1/8/1991,Richardson,Texas,urban,HS,0,Unknown,January,Tuesday,South,Low
2/6/1991,Donna,Texas,suburban,HS,1,0,February,Wednesday,South,Low
4/23/1991,Compton,California,urban,MS,1,Unknown,April,Tuesday,West,Low
4/23/1991,Compton,California,urban,MS,1,0,April,Tuesday,West,Low
9/18/1991,Crosby,Texas,rural,HS,1,Unknown,September,Wednesday,South,Low
9/18/1991,Crosby,Texas,suburban,HS,1,0,September,Wednesday,South,Low
10/8/1991,Bronx,New York,urban,HS,1,Unknown,October,Tuesday,Northeast,Low
11/1/1991,Iowa City,Iowa,urban,C,5,Unknown,November,Friday,Midwest,Medium
11/1/1991,Iowa City,Iowa,urban,C,6,1,November,Friday,Midwest,High
11/14/1991,Houston,Texas,urban,HS,0,Unknown,November,Thursday,South,Low
11/25/1991,Brooklyn,New York,urban,HS,1,Unknown,November,Monday,Northeast,Low
11/25/1991,Brooklyn,New York,urban,HS,1,0,November,Monday,Northeast,Low
12/12/1991,Kent,Ohio,suburban,C,1,0,December,Thursday,Midwest,Low
1/29/1992,Kent,Ohio,suburban,C,0,1,January,Wednesday,Midwest,Low
2/26/1992,Brooklyn,New York,urban,HS,2,Unknown,February,Wednesday,Northeast,Low
2/26/1992,Brooklyn,New York,urban,HS,2,0,February,Wednesday,Northeast,Low
5/1/1992,Olivehurst,California,suburban,HS,4,Unknown,May,Friday,West,Medium
5/1/1992,Olivehurst,California,rural,HS,3,10,May,Friday,West,High
5/14/1992,Napa,California,urban,MS,0,Unknown,May,Thursday,West,Low
9/11/1992,Lincoln,Texas,urban,HS,0,Unknown,September,Friday,South,Low
10/12/1992,Lincoln,Nebraska,urban,C,0,Unknown,October,Monday,Midwest,Low
10/12/1992,Tucson,Arizona,urban,HS,1,Unknown,October,Monday,West,Low
10/19/1992,The Bronx,New York,urban,HS,0,3,October,Monday,Northeast,Medium
11/4/1992,Detroit,Michigan,urban,HS,0,11,November,Wednesday,Midwest,High
11/10/1992,Chicago,Illinois,urban,ES,0,Unknown,November,Tuesday,Midwest,Low
11/13/1992,Houston,Texas,urban,HS,1,Unknown,November,Friday,South,Low
11/16/1992,Birmingham,Alabama,urban,HS,1,Unknown,November,Monday,South,Low
11/20/1992,Chicago,Illinois,urban,HS,1,Unknown,November,Friday,Midwest,Low
11/23/1992,Buffalo,New York,urban,HS,0,Unknown,November,Monday,Northeast,Low
12/3/1992,Chicago,Illinois,urban,ES,1,Unknown,December,Thursday,Midwest,Low
12/14/1992,Great Barrington,Massachusetts,suburban,C,2,Unknown,December,Monday,Northeast,Low
12/14/1992,Great Barrington,Massachusetts,rural,C,2,4,December,Monday,Northeast,High
1/6/1993,Brentwood,New York,suburban,HS,0,1,January,Wednesday,Northeast,Low
1/8/1993,Kinzers,Pennsylvania,rural,HS,1,Unknown,January,Friday,Northeast,Low
1/12/1993,Miami,Florida,urban,HS,1,Unknown,January,Tuesday,South,Low
1/18/1993,Grayson,Kentucky,suburban,HS,2,Unknown,January,Monday,South,Low
1/18/1993,Grayson,Kentucky,rural,HS,2,0,January,Monday,South,Low
1/21/1993,Los Angeles,California,urban,HS,1,Unknown,January,Thursday,West,Low
2/1/1993,Redmond,Washington,urban,MS,1,Unknown,February,Monday,West,Low
2/1/1993,Amityville,New York,suburban,HS,1,Unknown,February,Monday,Northeast,Low
2/4/1993,Clayton County,Georgia,urban,HS,1,Unknown,February,Thursday,South,Low
2/8/1993,Middle River,Minnesota,rural,MS,1,Unknown,February,Monday,Unknown,Low
2/8/1993,Washington DC,District of Columbia,urban,HS,1,Unknown,February,Monday,South,Low
2/18/1993,Dallas,Texas,urban,HS,1,Unknown,February,Thursday,South,Low
2/22/1993,Los Angeles,California,urban,HS,1,Unknown,February,Monday,West,Low
2/22/1993,Los Angeles,California,urban,HS,1,0,February,Monday,West,Low
2/26/1993,Gloucester,Massachusetts,suburban,HS,0,Unknown,February,Friday,Northeast,Low
3/18/1993,Harlem,Georgia,suburban,HS,1,Unknown,March,Thursday,South,Low
3/25/1993,St. Louis,Missouri,urban,HS,1,Unknown,March,Thursday,Midwest,Low
4/3/1993,Sacramento,California,urban,HS,1,Unknown,April,Saturday,West,Low
4/14/1993,Irving,Texas,urban,HS,1,Unknown,April,Wednesday,South,Low
4/15/1993,Acushnet,Massachusetts,suburban,MS,1,Unknown,April,Thursday,Northeast,Low
4/15/1993,Acushnet,Massachusetts,suburban,MS,1,0,April,Thursday,Northeast,Low
4/16/1993,Sacramento,California,urban,HS,1,Unknown,April,Friday,West,Low
4/26/1993,Raleigh,North Carolina,urban,HS,1,Unknown,April,Monday,South,Low
5/14/1993,Irving,Texas,urban,HS,1,0,May,Friday,South,Low
5/24/1993,Red Hill,Pennsylvania,rural,HS,1,Unknown,May,Monday,Northeast,Low
5/24/1993,Pennsburg,Pennsylvania,rural,HS,1,0,May,Monday,Northeast,Low
5/27/1993,New Orleans,Louisiana,urban,HS,1,Unknown,May,Thursday,South,Low
7/8/1993,Ogden,Utah,urban,C,1,Unknown,July,Thursday,West,Low
8/31/1993,Atlanta,Georgia,urban,HS,1,Unknown,August,Tuesday,South,Low
9/2/1993,Dallas,Texas,urban,HS,1,Unknown,September,Thursday,South,Low
9/17/1993,Sheridan,Wyoming,rural,MS,1,4,September,Friday,West,Medium
9/18/1993,Sheridan,Wyoming,suburban,MS,1,Unknown,September,Saturday,West,Low
10/12/1993,New Castle,Delaware,suburban,HS,1,Unknown,October,Tuesday,South,Low
10/14/1993,Detroit,Michigan,urban,HS,1,Unknown,October,Thursday,Midwest,Low
11/1/1993,Chicago,Illinois,urban,HS,1,Unknown,November,Monday,Midwest,Low
11/4/1993,Jacksonville,Florida,urban,HS,1,Unknown,November,Thursday,South,Low
11/4/1993,New Britain,Connecticut,urban,HS,1,Unknown,November,Thursday,Northeast,Low
11/4/1993,New Britain,Connecticut,urban,HS,1,0,November,Thursday,Northeast,Low
11/5/1993,Bay Springs,Mississippi,rural,HS,1,Unknown,November,Friday,South,Low
11/29/1993,Kansas City,Missouri,urban,HS,1,Unknown,November,Monday,Midwest,Low
12/1/1993,Wauwatosa,Wisconsin,suburban,HS,1,Unknown,December,Wednesday,Midwest,Low
12/1/1993,Wauwatosa,Wisconsin,suburban,HS,1,0,December,Wednesday,Midwest,Low
12/8/1993,Savannah,Georgia,urban,HS,1,Unknown,December,Wednesday,South,Low
12/17/1993,Chelsea,Michigan,suburban,HS,1,Unknown,December,Friday,Midwest,Low
1/20/1994,Kennard,Texas,rural,HS,0,Unknown,January,Thursday,South,Low
1/20/1994,Hacienda Heights,California,urban,HS,1,Unknown,January,Thursday,West,Low
1/24/1994,Columbia,South Carolina,urban,HS,1,0,January,Monday,South,Low
1/26/1994,Columbia,South Carolina,urban,HS,1,Unknown,January,Wednesday,South,Low
1/31/1994,Seattle,Washington,urban,MS,1,Unknown,January,Monday,West,Low
1/31/1994,Seattle,Washington,urban,MS,1,0,January,Monday,West,Low
2/8/1994,Detroit,Michigan,urban,HS,1,Unknown,February,Tuesday,Midwest,Low
2/14/1994,Belmont,California,suburban,HS,1,Unknown,February,Monday,West,Low
2/18/1994,Spartanburg,South Carolina,suburban,HS,0,1,February,Friday,South,Low
3/1/1994,Boonville,Missouri,suburban,C,2,Unknown,March,Tuesday,Midwest,Low
3/1/1994,Boonville,Missouri,rural,HS,2,0,March,Tuesday,Midwest,Low
3/15/1994,Charleston,South Carolina,urban,HS,1,Unknown,March,Tuesday,South,Low
3/22/1994,Riveria Beach,Florida,urban,MS,0,Unknown,March,Tuesday,South,Low
3/23/1994,Seattle,Washington,urban,HS,1,Unknown,March,Wednesday,West,Low
3/25/1994,Woodstock,Georgia,suburban,HS,0,Unknown,March,Friday,South,Low
4/12/1994,Butte,Montana,suburban,ES,1,Unknown,April,Tuesday,West,Low
4/12/1994,Butte,Montana,rural,ES,1,0,April,Tuesday,West,Low
4/13/1994,Los Angeles,California,urban,ES,0,Unknown,April,Wednesday,West,Low
4/21/1994,Nashville,Tennessee,urban,MS,1,Unknown,April,Thursday,South,Low
4/21/1994,Nashville,Tennessee,urban,MS,1,0,April,Thursday,South,Low
5/2/1994,North Miami,Florida,suburban,HS,1,Unknown,May,Monday,South,Low
5/25/1994,Union,Kentucky,suburban,HS,4,Unknown,May,Wednesday,South,Medium
7/25/1994,Ottumwa,Iowa,suburban,HS,1,Unknown,July,Monday,Midwest,Low
9/7/1994,Hollywood,California,urban,HS,1,Unknown,September,Wednesday,West,Low
10/12/1994,Greensboro,North Carolina,urban,HS,1,Unknown,October,Wednesday,South,Low
10/12/1994,Greensboro,North Carolina,urban,HS,1,1,October,Wednesday,South,Low
10/17/1994,Chicago,Illinois,urban,HS,0,1,October,Monday,Midwest,Low
11/5/1994,San Leandro,California,urban,ES,1,Unknown,November,Saturday,West,Low
11/7/1994,Wickliffe,Ohio,suburban,MS,1,Unknown,November,Monday,Midwest,Low
11/7/1994,Wickliffe,Ohio,suburban,MS,1,4,November,Monday,Midwest,Medium
11/15/1994,Tacoma,Washington,urban,HS,1,Unknown,November,Tuesday,West,Low
12/14/1994,Albany,New York,urban,C,0,1,December,Wednesday,Northeast,Low
1/5/1995,Washington DC,District of Columbia,urban,HS,1,Unknown,January,Thursday,South,Low
1/10/1995,Palm Beach Gardens,Florida,suburban,HS,0,Unknown,January,Tuesday,South,Low
1/12/1995,Seattle,Washington,urban,HS,0,Unknown,January,Thursday,West,Low
1/12/1995,Seattle,Washington,urban,HS,0,2,January,Thursday,West,Low
1/23/1995,Redlands,California,urban,MS,1,Unknown,January,Monday,West,Low
1/26/1995,Chapel Hill,North Carolina,urban,C,2,Unknown,January,Thursday,South,Low
2/2/1995,Long Beach,California,urban,HS,1,Unknown,February,Thursday,West,Low
8/29/1995,Laredo,Texas,urban,MS,1,Unknown,August,Tuesday,South,Low
9/12/1995,Memphis,Tennessee,urban,HS,1,Unknown,September,Tuesday,South,Low
9/14/1995,Olathe,Kansas,urban,HS,2,Unknown,September,Thursday,Midwest,Low
9/29/1995,Tavares,Florida,urban,MS,1,Unknown,September,Friday,South,Low
9/29/1995,Tavares,Florida,suburban,MS,1,0,September,Friday,South,Low
10/12/1995,Blackville,South Carolina,rural,HS,1,Unknown,October,Thursday,South,Low
10/12/1995,Blackville,South Carolina,rural,HS,2,1,October,Thursday,South,Medium
11/15/1995,Lynnville,Tennessee,rural,HS,2,Unknown,November,Wednesday,South,Low
11/15/1995,Lynnville,Tennessee,rural,HS,2,1,November,Wednesday,South,Medium
11/28/1995,queens,New York,urban,HS,1,Unknown,November,Tuesday,Northeast,Low
1/19/1996,District of Columbia,District of Columbia,urban,MS,1,Unknown,January,Friday,South,Low
1/19/1996,Washington,D.C.,urban,HS,1,0,January,Friday,Unknown,Low
1/26/1996,memphis,Tennessee,urban,HS,1,Unknown,January,Friday,South,Low
2/2/1996,Moses Lake,Washington,suburban,MS,3,Unknown,February,Friday,West,Medium
2/2/1996,Moses Lake,Washington,suburban,MS,3,1,February,Friday,West,Medium
2/8/1996,Palo Alto,California,urban,HS,1,Unknown,February,Thursday,West,Low
2/29/1996,St. Louis,Missouri,urban,HS,1,1,February,Thursday,Midwest,Low
3/11/1996,New London,North Carolina,rural,HS,1,Unknown,March,Monday,South,Low
4/11/1996,Talledega,Alabama,suburban,HS,1,Unknown,April,Thursday,South,Low
6/4/1996,Hemet,California,urban,HS,1,Unknown,June,Tuesday,West,Low
8/15/1996,San Diego,California,urban,C,3,Unknown,August,Thursday,West,Medium
8/15/1996,San Diego,California,urban,C,3,0,August,Thursday,West,Medium
8/26/1996,San Antonio,Texas,urban,C,1,Unknown,August,Monday,South,Low
9/17/1996,State College,Pennsylvania,urban,C,1,Unknown,September,Tuesday,Northeast,Low
9/17/1996,State College,Pennsylvania,suburban,C,1,2,September,Tuesday,Northeast,Medium
9/25/1996,Scottdale,Georgia,suburban,HS,1,Unknown,September,Wednesday,South,Low
9/25/1996,Decatur,Georgia,suburban,HS,1,2,September,Wednesday,South,Medium
10/2/1996,Philadelphia,Pennsylvania,urban,ES,2,Unknown,October,Wednesday,Northeast,Low
10/4/1996,Playa del Rey,California,suburban,HS,1,Unknown,October,Friday,West,Low
10/9/1996,Sherwood,Arkansas,suburban,HS,1,0,October,Wednesday,South,Low
10/13/1996,St. Louis,Missouri,urban,HS,1,Unknown,October,Sunday,Midwest,Low
10/16/1996,West Lafayette,Indiana,suburban,C,1,Unknown,October,Wednesday,Midwest,Low
11/27/1996,Sacramento,California,urban,HS,1,Unknown,November,Wednesday,West,Low
1/11/1997,Brooklyn,New York,urban,HS,1,Unknown,January,Saturday,Northeast,Low
1/27/1997,West Palm Beach,Florida,urban,MS,1,Unknown,January,Monday,South,Low
1/27/1997,West Palm Beach,Florida,urban,MS,1,0,January,Monday,South,Low
1/31/1997,Tulsa,Oklahoma,urban,HS,1,Unknown,January,Friday,South,Low
2/19/1997,Bethel,Alaska,suburban,HS,2,Unknown,February,Wednesday,West,Low
2/19/1997,Bethel,Alaska,rural,HS,2,2,February,Wednesday,West,Medium
2/20/1997,Jacksonville,Florida,urban,HS,1,Unknown,February,Thursday,South,Low
3/18/1997,Detroit,Michigan,urban,HS,1,Unknown,March,Tuesday,Midwest,Low
10/1/1997,Pearl,Mississippi,suburban,HS,3,Unknown,October,Wednesday,South,Medium
10/1/1997,Pearl,Mississippi,suburban,HS,3,7,October,Wednesday,South,High
10/14/1997,Garland,Texas,urban,HS,1,Unknown,October,Tuesday,South,Low
10/15/1997,Palmetto,Florida,suburban,MS,0,1,October,Wednesday,South,Low
10/22/1997,Norwalk,California,urban,HS,2,Unknown,October,Wednesday,West,Low
11/13/1997,Sacramento,California,urban,ES,1,Unknown,November,Thursday,West,Low
12/1/1997,West Paducah,Kentucky,suburban,HS,3,Unknown,December,Monday,South,Medium
12/1/1997,West Paducah,Kentucky,rural,HS,3,5,December,Monday,South,High
12/15/1997,Stamps,Arkansas,rural,HS,2,Unknown,December,Monday,South,Low
12/15/1997,Stamps,Arkansas,rural,HS,0,2,December,Monday,South,Low
2/25/1998,Reed City,Michigan,rural,HS,1,Unknown,February,Wednesday,Midwest,Low
3/1/1998,Philadelphia,Pennsylvania,urban,C,1,3,March,Sunday,Northeast,Medium
3/24/1998,Jonesboro,Arkansas,urban,MS,5,Unknown,March,Tuesday,South,Medium
3/24/1998,Craighead County,Arkansas,rural,MS,5,10,March,Tuesday,South,High
3/25/1998,Coldwater,Michigan,suburban,HS,1,Unknown,March,Wednesday,Midwest,Low
3/30/1998,Chapel Hill,North Carolina,urban,MS,0,Unknown,March,Monday,South,Low
4/24/1998,Edinboro,Pennsylvania,suburban,HS,1,Unknown,April,Friday,Northeast,Low
4/24/1998,Edinboro,Pennsylvania,rural,MS,1,3,April,Friday,Northeast,Medium
4/28/1998,Pomona,California,urban,ES,2,Unknown,April,Tuesday,West,Low
5/1/1998,Buffalo,New York,urban,ES,1,Unknown,May,Friday,Northeast,Low
5/19/1998,Fayetteville,Tennessee,suburban,HS,1,Unknown,May,Tuesday,South,Low
5/19/1998,Fayetteville,Tennessee,rural,HS,1,0,May,Tuesday,South,Low
5/21/1998,Springfield,Oregon,urban,HS,4,Unknown,May,Thursday,West,Medium
5/21/1998,Rialto,California,urban,HS,1,Unknown,May,Thursday,West,Low
5/21/1998,Springfield,Oregon,suburban,HS,4,23,May,Thursday,West,High
5/27/1998,Pasadena,California,urban,MS,0,Unknown,May,Wednesday,West,Low
5/29/1998,Fort Lauderdale,Florida,urban,HS,2,Unknown,May,Friday,South,Low
6/15/1998,Richmond,Virginia,urban,HS,0,Unknown,June,Monday,South,Low
6/15/1998,Richmond,Virginia,urban,HS,0,2,June,Monday,South,Low
9/4/1998,San Bernardino,California,urban,C,2,Unknown,September,Friday,West,Low
9/12/1998,Glendale,California,urban,HS,0,Unknown,September,Saturday,West,Low
12/10/1998,Detroit,Michigan,urban,C,1,Unknown,December,Thursday,Midwest,Low
12/10/1998,Detroit,Michigan,urban,C,1,0,December,Thursday,Midwest,Low
1/8/1999,Carollton,Georgia,suburban,HS,2,Unknown,January,Friday,South,Low
1/8/1999,Carrollton,Georgia,suburban,HS,1,1,January,Friday,South,Low
1/21/1999,North Richland Hills,Texas,urban,HS,1,Unknown,January,Thursday,South,Low
2/11/1999,Elgin,Illinois,urban,HS,0,Unknown,February,Thursday,Midwest,Low
4/16/1999,Notus,Idaho,rural,HS,0,Unknown,April,Friday,West,Low
4/16/1999,Notus,Idaho,rural,HS,0,0,April,Friday,West,Low
4/20/1999,Littleton,Colorado,suburban,HS,15,Unknown,April,Tuesday,West,High
4/20/1999,Littleton,Colorado,suburban,HS,15,21,April,Tuesday,West,High
4/23/1999,Atlanta,Georgia,urban,MS,1,Unknown,April,Friday,South,Low
5/20/1999,Conyers,Georgia,suburban,HS,0,Unknown,May,Thursday,South,Low
5/20/1999,Conyers,Georgia,suburban,HS,0,6,May,Thursday,South,High
8/25/1999,Monticello,Georgia,suburban,HS,1,Unknown,August,Wednesday,South,Low
9/7/1999,Plano,Texas,urban,HS,1,Unknown,September,Tuesday,South,Low
9/9/1999,San Jose,California,urban,HS,1,Unknown,September,Thursday,West,Low
11/19/1999,Deming,New Mexico,suburban,MS,0,Unknown,November,Friday,West,Low
11/19/1999,Deming,New Mexico,rural,MS,1,0,November,Friday,West,Low
12/6/1999,Fort Gibson,Oklahoma,suburban,MS,0,Unknown,December,Monday,South,Low
12/6/1999,Fort Gibson,Oklahoma,rural,MS,0,6,December,Monday,South,High
1/19/2000,New Port Richey,Florida,suburban,HS,0,Unknown,January,Wednesday,South,Low
2/29/2000,Flint,Michigan,urban,ES,1,Unknown,February,Tuesday,Midwest,Low
2/29/2000,Flint,Michigan,urban,ES,1,0,February,Tuesday,Midwest,Low
5/10/2000,Sierra Vista,Arizona,urban,ES,2,Unknown,May,Wednesday,West,Low
5/26/2000,Lake Worth,Florida,suburban,MS,1,Unknown,May,Friday,South,Low
5/26/2000,Lake Worth,Florida,suburban,MS,1,0,May,Friday,South,Low
6/28/2000,Seattle,Washington,urban,C,2,Unknown,June,Wednesday,West,Low
7/26/2000,Canton,Ohio,urban,HS,1,Unknown,July,Wednesday,Midwest,Low
8/28/2000,Fayetteville,Arkansas,urban,C,2,Unknown,August,Monday,South,Low
8/28/2000,Fayetteville,Arkansas,urban,C,2,0,August,Monday,South,Low
9/5/2000,Bidwell,Ohio,suburban,ES,2,Unknown,September,Tuesday,Midwest,Low
9/26/2000,New Orleans,Louisiana,urban,MS,0,Unknown,September,Tuesday,South,Low
9/26/2000,New Orleans,Louisiana,urban,HS,0,2,September,Tuesday,South,Low
10/23/2000,Los Angeles,California,urban,C,1,Unknown,October,Monday,West,Low
10/26/2000,Brooklyn,New York,urban,HS,1,Unknown,October,Thursday,Northeast,Low
10/27/2000,Memphis,Tennessee,urban,HS,1,Unknown,October,Friday,South,Low
12/1/2000,Granada Hills,California,urban,HS,0,Unknown,December,Friday,West,Low
12/1/2000,San Diego,California,urban,HS,0,1,December,Friday,West,Low
1/10/2001,Oxnard,California,urban,HS,1,Unknown,January,Wednesday,West,Low
1/17/2001,Baltimore,Maryland,urban,HS,1,Unknown,January,Wednesday,South,Low
1/29/2001,Arlington,Texas,urban,MS,1,Unknown,January,Monday,South,Low
3/2/2001,San Diego,California,urban,HS,0,Unknown,March,Friday,West,Low
3/5/2001,Santee,California,urban,HS,2,Unknown,March,Monday,West,Low
3/5/2001,Santee,California,suburban,HS,2,13,March,Monday,West,High
3/7/2001,Williamsport,Pennsylvania,urban,HS,0,Unknown,March,Wednesday,Northeast,Low
3/7/2001,Williamsport,Pennsylvania,suburban,HS,0,1,March,Wednesday,Northeast,Low
3/22/2001,El Cajon,California,urban,HS,0,Unknown,March,Thursday,West,Low
3/22/2001,El Cajon,California,suburban,HS,0,5,March,Thursday,West,Medium
3/30/2001,Gary,Indiana,urban,HS,1,Unknown,March,Friday,Midwest,Low
3/30/2001,Gary,Indiana,urban,HS,1,0,March,Friday,Midwest,Low
4/3/2001,Klein,Texas,urban,MS,0,Unknown,April,Tuesday,South,Low
4/25/2001,Cleveland,Ohio,urban,HS,1,Unknown,April,Wednesday,Midwest,Low
5/15/2001,Ennis,Texas,suburban,HS,0,Unknown,May,Tuesday,South,Low
5/16/2001,Parkland,Washington,suburban,C,2,0,May,Wednesday,West,Low
5/17/2001,Pierce County,Washington,urban,C,1,Unknown,May,Thursday,West,Low
10/12/2001,Taylorsville,Utah,urban,HS,0,Unknown,October,Friday,West,Low
11/12/2001,Caro,Michigan,suburban,HS,0,Unknown,November,Monday,Midwest,Low
1/15/2002,New York City,New York,urban,HS,0,Unknown,January,Tuesday,Northeast,Low
1/15/2002,New York City,New York,urban,HS,0,2,January,Tuesday,Northeast,Low
1/16/2002,Gundy,Virginia,rural,C,3,Unknown,January,Wednesday,South,Medium
1/16/2002,Grundy,Virginia,rural,C,3,3,January,Wednesday,South,High
2/20/2002,Milwaukee,Wisconsin,urban,HS,1,0,February,Wednesday,Midwest,Low
6/11/2002,Conception,Missouri,rural,C,3,2,June,Tuesday,Midwest,Medium
7/26/2002,Charlotte,North Carolina,urban,MS,1,Unknown,July,Friday,South,Low
10/4/2002,San Antonio,Texas,urban,MS,1,Unknown,October,Friday,South,Low
10/7/2002,Bowie,Maryland,urban,MS,0,Unknown,October,Monday,South,Low
10/7/2002,Bowie,Maryland,suburban,MS,0,1,October,Monday,South,Low
10/28/2002,Tucson,Arizona,urban,C,4,Unknown,October,Monday,West,Medium
10/28/2002,Tucson,Arizona,urban,C,4,0,October,Monday,West,Medium
10/29/2002,Jersey City,New Jersey,urban,HS,0,1,October,Tuesday,Northeast,Low
11/7/2002,Liberty,Missouri,suburban,ES,1,Unknown,November,Thursday,Midwest,Low
12/16/2002,Chicago,Illinois,urban,HS,1,Unknown,December,Monday,Midwest,Low
3/23/2003,Meridian,Mississippi,suburban,HS,0,Unknown,March,Sunday,South,Low
4/10/2003,Walnut,California,suburban,HS,0,Unknown,April,Thursday,West,Low
4/14/2003,New Orleans,Louisiana,urban,HS,1,Unknown,April,Monday,South,Low
4/14/2003,New Orleans,Louisiana,urban,HS,1,3,April,Monday,South,Medium
4/17/2003,Addison,Texas,suburban,ES,1,Unknown,April,Thursday,South,Low
4/24/2003,Red Lion,Pennsylvania,suburban,MS,1,Unknown,April,Thursday,Northeast,Low
4/24/2003,Red Lion,Pennsylvania,rural,HS,2,0,April,Thursday,Northeast,Low
5/9/2003,Cleveland,Ohio,urban,C,1,Unknown,May,Friday,Midwest,Low
5/9/2003,Cleveland,Ohio,urban,C,1,2,May,Friday,Midwest,Medium
5/13/2003,Johnstown,Pennsylvania,urban,HS,1,Unknown,May,Tuesday,Northeast,Low
6/4/2003,Wellsboro,Pennsylvania,suburban,MS,0,Unknown,June,Wednesday,Northeast,Low
7/15/2003,Dallas,Texas,urban,HS,0,Unknown,July,Tuesday,South,Low
9/24/2003,Cold Spring,Minnesota,suburban,HS,2,Unknown,September,Wednesday,Unknown,Low
9/24/2003,Cold Spring,Minnesota,rural,HS,2,0,September,Wednesday,Unknown,Low
10/30/2003,Washington,District Of Columbia,urban,HS,1,Unknown,October,Thursday,South,Low
11/7/2003,Sugar Land,Texas,urban,HS,1,Unknown,November,Friday,South,Low
1/21/2004,Henderson,Nevada,urban,ES,1,Unknown,January,Wednesday,West,Low
2/2/2004,District of Columbia,District Of Columbia,urban,HS,1,Unknown,February,Monday,South,Low
2/2/2004,Washington,D.C.,urban,HS,1,0,February,Monday,Unknown,Low
2/9/2004,East Greenbush,New York,suburban,HS,0,Unknown,February,Monday,Northeast,Low
2/9/2004,East Greenbush,New York,suburban,HS,0,1,February,Monday,Northeast,Low
2/11/2004,Philadelphia,Pennsylvania,urban,ES,1,Unknown,February,Wednesday,Northeast,Low
3/17/2004,Joyce,Washington,rural,MS,0,Unknown,March,Wednesday,West,Low
5/7/2004,Randallstown,Maryland,suburban,HS,0,Unknown,May,Friday,South,Low
5/7/2004,Randallstown,Maryland,suburban,HS,0,4,May,Friday,South,Medium
5/24/2004,Salt Lake City,Utah,urban,HS,1,Unknown,May,Monday,West,Low
6/1/2004,St Croix,Virgin Islands,urban,HS,1,Unknown,June,Tuesday,Unknown,Low
8/30/2004,Maywood,Illinois,suburban,HS,1,Unknown,August,Monday,Midwest,Low
10/4/2004,Memphis,Tennessee,urban,HS,0,Unknown,October,Monday,South,Low
11/22/2004,Philadelphia,Pennsylvania,urban,HS,1,Unknown,November,Monday,Northeast,Low
12/10/2004,Nine Mile Falls,Washington,suburban,HS,1,Unknown,December,Friday,West,Low
1/6/2005,Philadelphia,Pennsylvania,urban,HS,1,Unknown,January,Thursday,Northeast,Low
2/8/2005,Chicago,Illinois,urban,HS,0,1,February,Tuesday,Midwest,Low
3/2/2005,Dover,Tennessee,rural,HS,1,0,March,Wednesday,South,Low
3/21/2005,Red Lake,Minnesota,rural,HS,10,Unknown,March,Monday,Unknown,High
3/21/2005,Red Lake,Minnesota,rural,HS,10,7,March,Monday,Unknown,High
5/17/2005,Lower Allen Township,Pennsylvania,suburban,ES,1,Unknown,May,Tuesday,Northeast,Low
9/13/2005,Chicago,Illinois,urban,HS,0,Unknown,September,Tuesday,Midwest,Low
9/13/2005,Chicago,Illinois,urban,HS,0,1,September,Tuesday,Midwest,Low
11/8/2005,Jacksboro,Tennessee,rural,HS,1,Unknown,November,Tuesday,South,Low
11/8/2005,Jacksboro,Tennessee,rural,HS,1,2,November,Tuesday,South,Medium
1/13/2006,Birmingham,Alabama,urban,HS,1,Unknown,January,Friday,South,Low
1/13/2006,Longwood,Florida,suburban,MS,0,1,January,Friday,South,Low
1/15/2006,Longwood,Florida,suburban,MS,1,Unknown,January,Sunday,South,Low
2/23/2006,Roseburg,Oregon,suburban,HS,1,Unknown,February,Thursday,West,Low
2/23/2006,Roseburg,Oregon,rural,HS,0,1,February,Thursday,West,Low
3/14/2006,Reno,Nevada,urban,MS,0,Unknown,March,Tuesday,West,Low
3/14/2006,Reno,Nevada,urban,MS,0,2,March,Tuesday,West,Low
6/5/2006,Venice,California,suburban,HS,1,Unknown,June,Monday,West,Low
8/24/2006,Essex,Vermont,suburban,ES,2,Unknown,August,Thursday,Northeast,Low
8/24/2006,Essex Junction,Vermont,rural,ES,2,3,August,Thursday,Northeast,Medium
8/30/2006,Hillsborough,North Carolina,suburban,HS,3,Unknown,August,Wednesday,South,Medium
8/30/2006,Hillsborough,North Carolina,suburban,HS,0,2,August,Wednesday,South,Low
9/2/2006,Shepherdstown,West Virginia,suburban,C,2,Unknown,September,Saturday,Unknown,Low
9/2/2006,Shepherdstown,West Virginia,rural,C,3,0,September,Saturday,Unknown,Medium
9/17/2006,Pittsburgh,Pennsylvania,urban,C,0,Unknown,September,Sunday,Northeast,Low
9/17/2006,Pittsburgh,Pennsylvania,urban,C,0,5,September,Sunday,Northeast,Medium
9/27/2006,Bailey,Colorado,suburban,HS,1,Unknown,September,Wednesday,West,Low
9/27/2006,Bailey,Colorado,rural,HS,2,0,September,Wednesday,West,Low
9/29/2006,Cazenovia,Wisconsin,rural,HS,1,Unknown,September,Friday,Midwest,Low
9/29/2006,Cazenovia,Wisconsin,rural,HS,1,0,September,Friday,Midwest,Low
10/2/2006,Nickel Mines,Pennsylvania,rural,HS,5,Unknown,October,Monday,Northeast,Medium
10/2/2006,Nickel Mines,Pennsylvania,rural,HS,6,3,October,Monday,Northeast,High
10/9/2006,Joplin,Missouri,urban,MS,0,Unknown,October,Monday,Midwest,Low
10/9/2006,Joplin,Missouri,urban,MS,0,0,October,Monday,Midwest,Low
10/17/2006,Katy,Texas,suburban,HS,1,Unknown,October,Tuesday,South,Low
10/29/2006,Fresno,California,urban,ES,1,Unknown,October,Sunday,West,Low
11/28/2006,Houston,Texas,urban,HS,1,Unknown,November,Tuesday,South,Low
12/12/2006,Erdenheim,Pennsylvania,rural,MS,1,Unknown,December,Tuesday,Northeast,Low
1/3/2007,Tacoma,Washington,urban,HS,1,Unknown,January,Wednesday,West,Low
1/3/2007,Tacoma,Washington,urban,HS,1,0,January,Wednesday,West,Low
2/8/2007,Prineville,Oregon,suburban,HS,1,Unknown,February,Thursday,West,Low
3/7/2007,Midland,Michigan,urban,HS,0,Unknown,March,Wednesday,Midwest,Low
3/7/2007,Greenville,Texas,suburban,HS,0,Unknown,March,Wednesday,South,Low
3/7/2007,Compton,California,urban,HS,0,1,March,Wednesday,West,Low
3/24/2007,Greensboro,North Carolina,urban,C,0,Unknown,March,Saturday,South,Low
4/2/2007,Seattle,Washington,urban,C,1,Unknown,April,Monday,West,Low
4/10/2007,Gresham,Oregon,urban,HS,0,Unknown,April,Tuesday,West,Low
4/16/2007,Blacksburg,Virginia,urban,C,32,Unknown,April,Monday,South,High
4/16/2007,Blacksburg,Virginia,urban,C,33,23,April,Monday,South,High
9/21/2007,Dover,Delaware,urban,C,1,Unknown,September,Friday,South,Low
9/28/2007,Oroville,California,suburban,HS,0,Unknown,September,Friday,West,Low
9/30/2007,Memphis,Tennessee,urban,C,1,Unknown,September,Sunday,South,Low
10/10/2007,Cleveland,Ohio,urban,HS,0,Unknown,October,Wednesday,Midwest,Low
10/10/2007,Cleveland,Ohio,urban,HS,1,4,October,Wednesday,Midwest,Medium
11/6/2007,Miami Gardens,Florida,urban,HS,0,1,November,Tuesday,South,Low
1/15/2008,Putnam City,Oklahoma,suburban,HS,0,Unknown,January,Tuesday,South,Low
1/16/2008,Cleveland,Ohio,urban,HS,0,Unknown,January,Wednesday,Midwest,Low
1/16/2008,Charlotte,North Carolina,urban,HS,0,Unknown,January,Wednesday,South,Low
2/4/2008,Memphis,Tennessee,urban,HS,0,Unknown,February,Monday,South,Low
2/4/2008,Memphis,Tennessee,urban,HS,0,1,February,Monday,South,Low
2/7/2008,Portsmouth,Ohio,suburban,ES,0,Unknown,February,Thursday,Midwest,Low
2/8/2008,Baton Rouge,Louisiana,urban,C,3,Unknown,February,Friday,South,Medium
2/8/2008,Baton Rouge,Louisiana,urban,C,3,0,February,Friday,South,Medium
2/11/2008,Memphis,Tennessee,urban,HS,0,Unknown,February,Monday,South,Low
2/11/2008,Memphis,Tennessee,urban,HS,0,1,February,Monday,South,Low
2/12/2008,Oxnard,California,urban,MS,1,Unknown,February,Tuesday,West,Low
2/12/2008,Oxnard,California,urban,HS,1,0,February,Tuesday,West,Low
2/14/2008,DeKalb,Illinois,urban,C,5,Unknown,February,Thursday,Midwest,Medium
2/14/2008,DeKalb,Illinois,suburban,C,6,21,February,Thursday,Midwest,High
2/23/2008,Jonesboro,Arkansas,urban,C,0,Unknown,February,Saturday,South,Low
2/27/2008,Little Rock,Arkansas,urban,C,0,Unknown,February,Wednesday,South,Low
2/28/2008,Miami Gardens,Florida,urban,HS,0,Unknown,February,Thursday,South,Low
3/6/2008,Mobile,Alabama,urban,HS,1,Unknown,March,Thursday,South,Low
3/7/2008,Chicago,Illinois,urban,HS,1,Unknown,March,Friday,Midwest,Low
4/5/2008,Chicago,Illinois,urban,HS,1,Unknown,April,Saturday,Midwest,Low
4/16/2008,Fresno,California,urban,HS,1,Unknown,April,Wednesday,West,Low
4/24/2008,Omaha,Nebraska,urban,MS,0,Unknown,April,Thursday,Midwest,Low
4/29/2008,Washington,District of Columbia,urban,C,0,Unknown,April,Tuesday,South,Low
7/24/2008,Phoenix,Arizona,urban,C,0,Unknown,July,Thursday,West,Low
8/14/2008,Federal Way,Washington,urban,MS,1,Unknown,August,Thursday,West,Low
8/14/2008,Federal Way,Washington,suburban,MS,1,0,August,Thursday,West,Low
8/21/2008,Knoxville,Tennessee,urban,HS,1,Unknown,August,Thursday,South,Low
8/21/2008,Knoxville,Tennessee,urban,HS,1,0,August,Thursday,South,Low
8/29/2008,Portland,Oregon,urban,HS,0,Unknown,August,Friday,West,Low
9/2/2008,Willoughby,Ohio,suburban,HS,0,Unknown,September,Tuesday,Midwest,Low
9/2/2008,Willoughby,Ohio,suburban,HS,0,0,September,Tuesday,Midwest,Low
10/13/2008,San Antonio,Texas,urban,C,1,Unknown,October,Monday,South,Low
10/16/2008,Detroit,Michigan,urban,HS,1,Unknown,October,Thursday,Midwest,Low
10/16/2008,Detroit,Michigan,urban,HS,1,3,October,Thursday,Midwest,Medium
10/20/2008,Acton,California,suburban,HS,1,Unknown,October,Monday,West,Low
10/21/2008,Indianapolis,Indiana,urban,HS,1,Unknown,October,Tuesday,Midwest,Low
10/26/2008,Conway,Arkansas,urban,C,2,Unknown,October,Sunday,South,Low
10/26/2008,Conway,Arkansas,suburban,C,2,1,October,Sunday,South,Medium
10/31/2008,Stockton Springs,Maine,rural,ES,0,Unknown,October,Friday,Northeast,Low
11/12/2008,Fort Lauderdale,Florida,urban,HS,1,Unknown,November,Wednesday,South,Low
11/13/2008,Fort Lauderdale,Florida,urban,HS,1,0,November,Thursday,South,Low
11/15/2008,St. George,Utah,urban,HS,1,Unknown,November,Saturday,West,Low
11/21/2008,Savannah,Georgia,urban,C,0,Unknown,November,Friday,South,Low
1/8/2009,New Castle,Delaware,suburban,HS,0,Unknown,January,Thursday,South,Low
1/9/2009,Chicago,Illinois,urban,HS,0,Unknown,January,Friday,Midwest,Low
1/9/2009,Chicago,Illinois,urban,HS,0,5,January,Friday,Midwest,Medium
1/23/2009,Cahokia,Illinois,suburban,HS,1,Unknown,January,Friday,Midwest,Low
2/7/2009,Houston,Texas,urban,C,1,Unknown,February,Saturday,South,Low
2/11/2009,El Monte,California,urban,ES,0,Unknown,February,Wednesday,West,Low
2/17/2009,Detroit,Michigan,urban,HS,0,Unknown,February,Tuesday,Midwest,Low
3/6/2009,Fayetteville,North Carolina,urban,HS,0,Unknown,March,Friday,South,Low
3/10/2009,Jacksonville,Florida,urban,HS,2,Unknown,March,Tuesday,South,Low
4/10/2009,Dearborn,Michigan,urban,C,1,Unknown,April,Friday,Midwest,Low
4/24/2009,Houston,Texas,urban,C,1,Unknown,April,Friday,South,Low
4/26/2009,Hampton,Virginia,urban,C,0,Unknown,April,Sunday,South,Low
4/26/2009,Hampton,Virginia,urban,C,0,3,April,Sunday,South,Medium
5/1/2009,Sheboygan,Wisconsin,urban,HS,0,Unknown,May,Friday,Midwest,Low
5/5/2009,Canandaigua,New York,suburban,HS,0,Unknown,May,Tuesday,Northeast,Low
5/18/2009,Larose,Louisiana,suburban,MS,0,Unknown,May,Monday,South,Low
5/18/2009,Cambridge,Massachusetts,urban,C,1,Unknown,May,Monday,Northeast,Low
5/18/2009,Cambridge,Massachusetts,urban,C,1,0,May,Monday,Northeast,Low
5/18/2009,Larose,Louisiana,rural,MS,1,0,May,Monday,South,Low
6/9/2009,Lexington,Kentucky,urban,MS,1,Unknown,June,Tuesday,South,Low
6/16/2009,San Francisco,California,urban,HS,0,Unknown,June,Tuesday,West,Low
6/16/2009,San Francisco,California,urban,HS,0,3,June,Tuesday,West,Medium
6/24/2009,Parkersburg,Iowa,rural,HS,1,Unknown,June,Wednesday,Midwest,Low
9/2/2009,San Bruno,California,suburban,C,0,Unknown,September,Wednesday,West,Low
9/3/2009,Atlanta,Georgia,urban,C,1,Unknown,September,Thursday,South,Low
9/3/2009,San Bruno,California,suburban,C,0,1,September,Thursday,West,Low
9/8/2009,Stamford,Connecticut,urban,HS,0,Unknown,September,Tuesday,Northeast,Low
9/14/2009,Grand Rapids,Michigan,urban,HS,0,Unknown,September,Monday,Midwest,Low
9/16/2009,Henrico,Virginia,urban,HS,0,Unknown,September,Wednesday,South,Low
10/16/2009,Carolina Forest,South Carolina,suburban,HS,1,Unknown,October,Friday,South,Low
10/16/2009,Conway,South Carolina,suburban,HS,1,0,October,Friday,South,Low
10/30/2009,Long Beach,California,urban,HS,1,Unknown,October,Friday,West,Low
11/16/2009,Dallas,Texas,urban,ES,0,Unknown,November,Monday,South,Low
12/2/2009,Brockton,Massachusetts,urban,HS,0,Unknown,December,Wednesday,Northeast,Low
12/8/2009,Woodbridge,Virginia,urban,C,0,Unknown,December,Tuesday,South,Low
12/11/2009,Shreveport,Louisiana,urban,HS,0,Unknown,December,Friday,South,Low
1/7/2010,Phoenix,Arizona,urban,HS,0,Unknown,January,Thursday,West,Low
1/20/2010,Livingston,Alabama,suburban,HS,1,Unknown,January,Wednesday,South,Low
2/5/2010,Madison,Alabama,suburban,MS,1,Unknown,February,Friday,South,Low
2/5/2010,Madison,Alabama,suburban,MS,1,0,February,Friday,South,Low
2/10/2010,Knoxville,Tennessee,urban,ES,0,Unknown,February,Wednesday,South,Low
2/12/2010,Huntsville,Alabama,urban,C,3,Unknown,February,Friday,South,Medium
2/12/2010,Huntsville,Alabama,urban,C,3,3,February,Friday,South,High
2/19/2010,DeKalb,Illinois,urban,C,0,Unknown,February,Friday,Midwest,Low
2/19/2010,DeKalb,Illinois,suburban,C,0,1,February,Friday,Midwest,Low
2/23/2010,Littleton,Colorado,suburban,MS,0,Unknown,February,Tuesday,West,Low
2/23/2010,Littleton,Colorado,suburban,MS,0,2,February,Tuesday,West,Low
2/26/2010,Tacoma,Washington,urban,ES,2,Unknown,February,Friday,West,Low
3/9/2010,Columbus,Ohio,urban,C,1,Unknown,March,Tuesday,Midwest,Low
3/9/2010,Columbus,Ohio,urban,C,1,1,March,Tuesday,Midwest,Low
4/29/2010,Portsmouth,Virginia,urban,HS,0,Unknown,April,Thursday,South,Low
5/18/2010,South Gate,California,urban,HS,0,Unknown,May,Tuesday,West,Low
8/31/2010,Blountville,Tennessee,suburban,HS,1,Unknown,August,Tuesday,South,Low
9/7/2010,Detroit,Michigan,urban,HS,0,Unknown,September,Tuesday,Midwest,Low
9/8/2010,Detroit,Michigan,urban,HS,0,2,September,Wednesday,Midwest,Low
9/16/2010,Moss Bluff,Louisiana,suburban,MS,1,Unknown,September,Thursday,South,Low
9/21/2010,Columbia,South Carolina,urban,HS,0,Unknown,September,Tuesday,South,Low
9/28/2010,Austin,Texas,urban,C,1,Unknown,September,Tuesday,South,Low
9/28/2010,Austin,Texas,urban,C,1,0,September,Tuesday,South,Low
10/1/2010,Salinas,California,urban,HS,1,Unknown,October,Friday,West,Low
10/1/2010,Salinas,California,urban,HS,1,0,October,Friday,West,Low
10/3/2010,Elizabeth City,North Carolina,suburban,C,1,Unknown,October,Sunday,South,Low
10/8/2010,Carlsbad,California,urban,ES,0,Unknown,October,Friday,West,Low
10/8/2010,Carlsbad,California,suburban,ES,0,2,October,Friday,West,Low
10/25/2010,Selma,Alabama,suburban,ES,0,Unknown,October,Monday,South,Low
11/29/2010,Marinette,Wisconsin,suburban,HS,0,Unknown,November,Monday,Midwest,Low
11/29/2010,Marinette,Wisconsin,rural,HS,1,0,November,Monday,Midwest,Low
12/6/2010,Aurora,Colorado,suburban,HS,0,1,December,Monday,West,Low
1/5/2011,Omaha,Nebraska,urban,HS,1,Unknown,January,Wednesday,Midwest,Low
1/5/2011,Omaha,Nebraska,urban,HS,2,2,January,Wednesday,Midwest,Medium
1/18/2011,Los Angeles,California,urban,HS,0,Unknown,January,Tuesday,West,Low
2/2/2011,Placerville,California,suburban,ES,1,Unknown,February,Wednesday,West,Low
2/14/2011,Murfreesboro,Tennessee,urban,C,0,Unknown,February,Monday,South,Low
2/23/2011,Los Angeles,California,urban,C,1,Unknown,February,Wednesday,West,Low
3/25/2011,Martinsville,Indiana,suburban,MS,0,Unknown,March,Friday,Midwest,Low
3/25/2011,Martinsville,Indiana,rural,MS,0,1,March,Friday,Midwest,Low
3/31/2011,Houston,Texas,urban,HS,1,Unknown,March,Thursday,South,Low
3/31/2011,Houston,Texas,urban,HS,1,5,March,Thursday,South,High
4/6/2011,Opelika,Alabama,suburban,C,1,Unknown,April,Wednesday,South,Low
4/13/2011,Apopka,Florida,suburban,HS,0,Unknown,April,Wednesday,South,Low
4/19/2011,Houston,Texas,urban,ES,0,Unknown,April,Tuesday,South,Low
5/23/2011,Pearl City,Hawaii,suburban,MS,0,Unknown,May,Monday,West,Low
5/23/2011,Pearl City,Hawaii,suburban,MS,0,1,May,Monday,West,Low
8/26/2011,Harper Woods,Michigan,suburban,HS,0,Unknown,August,Friday,Midwest,Low
10/24/2011,Fayetteville,North Carolina,urban,HS,0,Unknown,October,Monday,South,Low
10/24/2011,Fayetteville,North Carolina,urban,HS,0,1,October,Monday,South,Low
11/15/2011,Berkeley,California,urban,C,0,Unknown,November,Tuesday,West,Low
12/8/2011,Blacksburg,Virginia,urban,C,1,Unknown,December,Thursday,South,Low
12/8/2011,Blacksburg,Virginia,urban,C,2,0,December,Thursday,South,Low
12/9/2011,Edinburg,Texas,urban,MS,0,Unknown,December,Friday,South,Low
12/9/2011,Edinburg,Texas,urban,MS,0,2,December,Friday,South,Low
1/4/2012,Brownsville,Texas,urban,MS,0,Unknown,January,Wednesday,South,Low
1/10/2012,Houston,Texas,urban,HS,0,Unknown,January,Tuesday,South,Low
1/10/2012,Houston,Texas,urban,HS,0,1,January,Tuesday,South,Low
2/10/2012,Walpole,New Hampshire,suburban,ES,0,Unknown,February,Friday,Northeast,Low
2/22/2012,Bremerton,Washington,urban,ES,0,Unknown,February,Wednesday,West,Low
2/27/2012,Chardon,Ohio,suburban,HS,3,Unknown,February,Monday,Midwest,Medium
2/27/2012,Chardon,Ohio,rural,HS,3,3,February,Monday,Midwest,High
3/6/2012,Jacksonville,Florida,urban,HS,1,Unknown,March,Tuesday,South,Low
3/6/2012,Jacksonville,Florida,urban,HS,2,0,March,Tuesday,South,Low
3/24/2012,Starkville,Mississippi,suburban,C,1,Unknown,March,Saturday,South,Low
4/2/2012,Oakland,California,urban,C,7,Unknown,April,Monday,West,High
4/2/2012,Oakland,California,urban,C,7,3,April,Monday,West,High
5/26/2012,Chapel Hill,North Carolina,urban,ES,1,Unknown,May,Saturday,South,Low
8/16/2012,Memphis,Tennessee,urban,HS,0,Unknown,August,Thursday,South,Low
8/16/2012,Memphis,Tennessee,urban,HS,0,2,August,Tuesday,South,Low
8/27/2012,Perry Hall,Maryland,suburban,HS,0,Unknown,August,Sunday,South,Low
8/27/2012,Perry Hall,Maryland,suburban,HS,0,1,August,Sunday,South,Low
9/7/2012,Normal,Illinois,urban,HS,0,Unknown,September,Tuesday,Midwest,Low
9/7/2012,Normal,Illinois,suburban,HS,0,0,January,Tuesday,Midwest,Low
9/12/2012,Baltimore,Maryland,urban,C,0,Unknown,February,Wednesday,South,Low
10/6/2012,Mobile,Alabama,urban,C,1,0,April,Tuesday,South,Low
10/19/2012,Chicago,Illinois,urban,HS,1,0,April,Tuesday,Midwest,Low
10/31/2012,Los Angeles,California,urban,C,0,Unknown,September,Wednesday,West,Low
10/31/2012,Los Angeles,California,urban,C,0,4,September,Wednesday,West,Medium
11/30/2012,Baltimore,Maryland,urban,C,0,Unknown,October,Tuesday,South,Low
12/14/2012,Newtown,Connecticut,suburban,ES,27,Unknown,November,Friday,Northeast,High
12/14/2012,Newtown,Connecticut,suburban,ES,28,2,November,Friday,Northeast,High
1/7/2013,Fort Myers,Florida,urban,ES,1,Unknown,November,Thursday,South,Low
1/7/2013,Fort Myers,Florida,urban,HS,1,0,November,Monday,South,Low
1/10/2013,Taft,California,suburban,HS,0,Unknown,November,Monday,West,Low
1/10/2013,Taft,California,rural,HS,0,2,December,Thursday,West,Low
1/12/2013,Detroit,Michigan,urban,HS,0,1,January,Wednesday,Midwest,Low
1/15/2013,Hazard,Kentucky,suburban,C,3,Unknown,February,Wednesday,South,Medium
1/15/2013,St. Louis,Missouri,urban,C,0,Unknown,February,Wednesday,Midwest,Low
1/15/2013,St. Louis,Missouri,urban,C,0,2,May,Friday,Midwest,Low
1/15/2013,Hazard,Kentucky,rural,C,3,0,May,Friday,South,Medium
1/16/2013,Chicago,Illinois,urban,C,0,Unknown,May,Thursday,Midwest,Low
1/16/2013,Chicago,Illinois,urban,C,1,0,September,Friday,Midwest,Low
1/22/2013,Houston,Texas,urban,C,0,Unknown,October,Monday,South,Low
1/22/2013,Houston,Texas,urban,C,0,3,October,Monday,South,Medium
1/31/2013,Phoenix,Arizona,urban,HS,0,Unknown,October,Monday,West,Low
1/31/2013,Atlanta,Georgia,urban,MS,0,Unknown,November,Wednesday,South,Low
1/31/2013,Phoenix,Arizona,urban,HS,0,0,November,Tuesday,West,Low
1/31/2013,Atlanta,Georgia,urban,MS,0,2,November,Friday,South,Low
3/18/2013,Orlando,Florida,urban,C,1,Unknown,November,Monday,South,Low
3/18/2013,Orlando,Florida,urban,C,1,0,November,Friday,South,Low
4/12/2013,Christiansburg,Virginia,suburban,C,0,Unknown,November,Monday,South,Low
4/12/2013,Dublin,Virginia,rural,C,0,2,December,Thursday,South,Low
4/16/2013,Grambling,Louisiana,suburban,C,0,Unknown,December,Monday,South,Low
4/16/2013,Grambling,Louisiana,rural,C,0,3,December,Monday,South,Medium
4/18/2013,Cambridge,Massachusetts,urban,C,2,Unknown,January,Wednesday,Northeast,Low
4/18/2013,Cambridge,Massachusetts,urban,C,2,1,January,Friday,Northeast,Medium
5/14/2013,Birmingham,Alabama,urban,MS,0,Unknown,January,Tuesday,South,Low
5/14/2013,Birmingham,Alabama,urban,MS,0,0,January,Monday,South,Low
6/7/2013,Santa Monica,California,urban,C,6,Unknown,January,Monday,West,High
6/7/2013,Santa Monica,California,urban,C,6,4,January,Thursday,West,High
6/20/2013,West Palm Beach,Florida,urban,HS,2,Unknown,February,Monday,South,Low
8/20/2013,Decatur,Georgia,suburban,ES,0,Unknown,February,Monday,South,Low
8/20/2013,Decatur,Georgia,urban,HS,0,0,February,Thursday,South,Low
8/23/2013,Sardis,Mississippi,rural,HS,1,Unknown,February,Monday,South,Low
8/23/2013,Sardis,Mississippi,rural,HS,1,2,February,Monday,South,Medium
8/30/2013,Winston-Salem,North Carolina,urban,HS,0,Unknown,February,Thursday,South,Low
8/30/2013,Winston-Salem,North Carolina,urban,HS,0,1,February,Monday,South,Low
10/4/2013,Pine Hills,Florida,urban,HS,0,Unknown,February,Monday,South,Low
10/4/2013,Pine Hills,Florida,suburban,HS,0,2,February,Friday,South,Low
10/21/2013,Sparks,Nevada,urban,MS,2,Unknown,March,Thursday,West,Low
10/21/2013,Sparks,Nevada,urban,MS,2,2,March,Thursday,West,Medium
11/2/2013,Greensboro,North Carolina,urban,C,0,Unknown,April,Saturday,South,Low
11/2/2013,Greensboro,North Carolina,urban,C,0,1,April,Wednesday,South,Low
11/3/2013,Lithonia,Georgia,rural,HS,0,Unknown,April,Thursday,South,Low
11/3/2013,Lithonia,Georgia,urban,HS,0,2,April,Thursday,South,Low
11/13/2013,Pittsburgh,Pennsylvania,urban,HS,0,Unknown,April,Friday,Northeast,Low
11/13/2013,Pittsburgh,Pennsylvania,urban,HS,0,3,April,Monday,Northeast,Medium
12/4/2013,Winter Garden,Florida,suburban,HS,0,Unknown,May,Friday,South,Low
12/4/2013,Winter Garden,Florida,suburban,HS,0,1,May,Monday,South,Low
12/13/2013,Centennial,Colorado,suburban,HS,2,Unknown,May,Monday,West,Low
12/13/2013,Centennial,Colorado,suburban,HS,2,0,May,Thursday,West,Low
12/19/2013,Fresno,California,urban,HS,0,Unknown,July,Thursday,West,Low
12/19/2013,Fresno,California,urban,HS,0,1,August,Tuesday,West,Low
1/9/2014,Jackson,Tennessee,rural,HS,0,1,September,Thursday,South,Low
1/13/2014,New Haven,Connecticut,urban,HS,0,1,September,Friday,Northeast,Low
1/14/2014,Roswell,New Mexico,rural,MS,0,3,September,Saturday,West,Medium
1/17/2014,Philadelphia,Pennsylvania,urban,HS,0,2,October,Tuesday,Northeast,Low
1/20/2014,Chester,Pennsylvania,urban,C,0,1,October,Thursday,Northeast,Low
1/21/2014,West Lafayette,Indiana,urban,C,1,0,November,Monday,Midwest,Low
1/24/2014,Orangeburg,South Carolina,rural,C,1,0,November,Thursday,South,Low
1/25/2014,Los Angeles,California,urban,C,1,0,November,Thursday,West,Low
1/27/2014,Carbondale,Illinois,rural,HS,0,1,November,Thursday,Midwest,Low
1/28/2014,Nashville,Tennessee,urban,C,0,1,November,Friday,South,Low
1/30/2014,Palm Bay,Florida,suburban,C,0,1,November,Monday,South,Low
1/31/2014,Des Moines,Iowa,urban,HS,0,1,December,Wednesday,Midwest,Low
2/10/2014,Salisbury,North Carolina,suburban,HS,0,1,December,Wednesday,South,Low
2/10/2014,Lyndhurst,Ohio,suburban,HS,0,0,December,Wednesday,Midwest,Low
2/12/2014,Los Angeles,California,urban,C,0,1,December,Friday,West,Low
2/22/2014,Augusta,Georgia,urban,C,0,1,January,Thursday,South,Low
3/12/2014,Miami,Florida,urban,ES,1,0,January,Thursday,South,Low
3/25/2014,College Park,Georgia,urban,HS,0,0,January,Monday,South,Low
4/9/2014,Greenville,North Carolina,urban,HS,0,0,January,Wednesday,South,Low
4/11/2014,Detroit,Michigan,urban,HS,1,0,January,Monday,Midwest,Low
5/4/2014,Augusta,Georgia,urban,C,0,1,January,Monday,South,Low
5/5/2014,Augusta,Georgia,urban,C,0,1,February,Tuesday,South,Low
5/8/2014,Lawrenceville,Georgia,suburban,C,0,1,February,Monday,South,Low
5/14/2014,Richmond,California,urban,HS,0,1,February,Friday,West,Low
6/5/2014,Seattle,Washington,urban,C,1,2,March,Tuesday,West,Medium
6/10/2014,Troutdale,Oregon,suburban,HS,2,1,March,Tuesday,West,Medium
9/9/2014,Miami,Florida,urban,HS,0,1,March,Tuesday,South,Low
9/27/2014,Terre Haute,Indiana,urban,C,0,1,March,Tuesday,Midwest,Low
9/30/2014,Albemarle,North Carolina,rural,HS,0,1,March,Wednesday,South,Low
9/30/2014,Louisville,Kentucky,urban,HS,0,1,March,Friday,South,Low
10/3/2014,Fairburn,Georgia,suburban,HS,1,0,April,Tuesday,South,Low
10/24/2014,Marysville,Washington,suburban,HS,5,1,April,Tuesday,West,High
11/20/2014,Tallahassee,Florida,urban,C,1,3,April,Wednesday,South,Medium
11/20/2014,Miami,Florida,urban,HS,1,1,April,Thursday,South,Low
12/5/2014,Claremore,Oklahoma,rural,C,1,0,April,Thursday,South,Low
12/12/2014,Portland,Oregon,urban,HS,0,4,May,Monday,West,Medium
1/15/2015,Milwaukee,Wisconsin,urban,HS,0,3,May,Wednesday,Midwest,Medium
1/16/2015,Ocala,Florida,suburban,HS,0,2,July,Monday,South,Low
2/4/2015,Frederick,Maryland,suburban,HS,0,2,September,Wednesday,South,Low
2/14/2015,Merced,California,suburban,MS,1,0,October,Wednesday,West,Low
2/23/2015,Daytona Beach,Florida,urban,C,0,3,October,Wednesday,South,Medium
3/30/2015,University City,Missouri,urban,ES,0,1,October,Monday,Midwest,Low
4/13/2015,Goldsboro,North Carolina,rural,C,1,0,November,Saturday,South,Low
4/16/2015,Paradis,Louisiana,rural,MS,0,1,November,Monday,South,Low
4/27/2015,Lacey,Washington,suburban,HS,0,0,November,Monday,West,Low
5/12/2015,Jacksonville,Florida,urban,HS,0,2,November,Tuesday,South,Low
5/24/2015,Flint,Michigan,urban,HS,0,7,December,Wednesday,Midwest,High
8/27/2015,Savannah,Georgia,urban,C,1,0,January,Thursday,South,Low
9/3/2015,Sacramento,California,urban,C,1,2,January,Tuesday,West,Medium
9/14/2015,Cleveland,Mississippi,rural,C,2,0,January,Thursday,South,Low
9/30/2015,Harrisburg,South Dakota,rural,HS,0,1,January,Thursday,Midwest,Low
10/1/2015,Roseburg,Oregon,rural,C,10,9,January,Monday,West,High
10/9/2015,Flagstaff,Arizona,urban,C,1,3,January,Thursday,West,Medium
10/9/2015,Houston,Texas,urban,C,1,1,February,Thursday,South,Low
10/22/2015,Nashville,Tennessee,urban,C,1,3,August,Tuesday,South,Medium
11/1/2015,Winston-Salem,North Carolina,urban,C,1,1,September,Tuesday,South,Low
11/20/2015,North Las Vegas,Nevada,urban,HS,1,0,September,Thursday,West,Low
1/22/2016,Indianapolis,Indiana,urban,HS,0,1,September,Friday,Midwest,Low
1/29/2016,Philadelphia,Pennsylvania,urban,HS,0,0,September,Friday,Northeast,Low
2/9/2016,Muskegon Heights,Michigan,urban,HS,0,4,October,Thursday,Midwest,Medium
2/12/2016,Glendale,Arizona,suburban,HS,2,0,October,Thursday,West,Low
2/29/2016,Middletown,Ohio,suburban,HS,0,4,November,Wednesday,Midwest,Medium
4/23/2016,Antigo,Wisconsin,rural,HS,1,2,November,Wednesday,Midwest,Medium
6/1/2016,Los Angeles,California,urban,C,2,0,November,Tuesday,West,Low
6/8/2016,Dorchester,Massachusetts,urban,HS,1,3,January,Friday,Northeast,Medium
9/6/2016,Cedar Rapids,IA,urban,HS,1,0,January,Friday,Unknown,Low
9/9/2016,Alpine,Texas,rural,HS,1,2,January,Friday,South,Medium
9/28/2016,Townville,South Carolina,rural,ES,2,2,February,Friday,South,Medium
10/11/2016,Mobile,Alabama,urban,HS,0,1,February,Friday,South,Low
10/13/2016,Columbus,Ohio,urban,HS,0,2,February,Thursday,Midwest,Low
10/18/2016,San Francisco,California,urban,HS,0,4,February,Thursday,West,Medium
10/25/2016,Sandy,Utah,suburban,MS,0,1,March,Monday,West,Low
12/1/2016,Bountiful,Utah,suburban,MS,0,0,April,Thursday,West,Low
1/20/2017,West Liberty,Ohio,rural,HS,0,1,June,Tuesday,Midwest,Low
1/20/2017,Seattle,Washington,urban,C,0,1,August,Thursday,West,Low
3/21/2017,King City,California,rural,HS,0,1,August,Thursday,West,Low
4/10/2017,San Bernardino,California,urban,ES,3,1,August,Monday,West,Medium
5/4/2017,Irving,Texas,suburban,C,2,0,September,Tuesday,South,Low
9/13/2017,Rockford,Washington,rural,HS,1,3,September,Tuesday,West,Medium
9/20/2017,Mattoon,Illinois,rural,HS,0,1,September,Wednesday,Midwest,Low
11/14/2017,Rancho Tehama Reserve,California,rural,ES,6,18,September,Wednesday,West,High
12/7/2017,Aztec,New Mexico,rural,HS,3,0,October,Wednesday,West,Medium
1/9/2018,Forest City,Iowa,rural,HS,0,0,October,Friday,Midwest,Low
1/20/2018,Winston-Salem,North Carolina,urban,C,1,0,October,Wednesday,South,Low
1/22/2018,Italy,Texas,rural,HS,0,1,October,Sunday,South,Low
1/22/2018,New Orleans,Louisiana,urban,HS,0,1,October,Wednesday,South,Low
1/23/2018,Marshall County,Kentucky,rural,HS,2,18,November,Wednesday,South,High
2/1/2018,Los Angeles,California,urban,MS,0,5,January,Saturday,West,Medium
2/14/2018,Parkland,Florida,suburban,HS,17,14,January,Monday,South,High
3/2/2018,Mount Pleasant,Michigan,suburban,C,2,0,January,Monday,Midwest,Low
3/7/2018,Birmingham,Alabama,urban,HS,1,2,January,Friday,South,Medium
3/14/2018,Birmingham,Alabama,urban,C,2,1,February,Wednesday,South,Medium
3/20/2018,Great Mills,Maryland,suburban,HS,2,1,February,Wednesday,South,Medium
4/20/2018,Ocala,Florida,suburban,HS,0,1,February,Thursday,South,Low
5/11/2018,Palmdale,California,urban,HS,0,1,March,Tuesday,West,Low
5/16/2018,Dixon,Texas,rural,HS,0,1,October,Wednesday,South,Low
5/18/2018,Santa Fe,Texas,rural,HS,10,10,October,Wednesday,South,High
5/18/2018,Jonesboro,Georgia,urban,HS,1,3,October,Tuesday,South,Medium
5/25/2018,Nobelsville,Indiana,suburban,MS,0,2,October,Wednesday,Midwest,Low
8/17/2018,Wellington,Florida,suburban,HS,0,2,October,Wednesday,South,Low
8/30/2018,San Francisco,California,urban,HS,0,1,November,Thursday,West,Low
9/5/2018,Providence,Rhode Island,urban,HS,1,1,December,Monday,Northeast,Low
9/10/2018,Memphis,Tennessee,urban,HS,0,1,December,Monday,South,Low
9/11/2018,Las Vegas,Nevada,urban,HS,1,0,December,Monday,West,Low
10/29/2018,Matthews,North Carolina,suburban,HS,1,1,December,Monday,South,Low
12/13/2018,Richmond,Indiana,rural,MS,1,0,February,Wednesday,Midwest,Low
1/25/2019,Mobile,Alabama,urban,HS,0,2,March,Sunday,South,Low
2/8/2019,Baltimore,Maryland,urban,HS,0,1,March,Tuesday,South,Low
2/12/2019,Kansas City,Missouri,urban,HS,1,0,March,Tuesday,Midwest,Low
2/14/2019,Rio Rancho,New Mexico,suburban,HS,0,0,March,Wednesday,West,Low
3/22/2019,Blountville,Alabama,rural,ES,0,1,March,Monday,South,Low
4/1/2019,Prescott,Arizona,rural,HS,0,1,April,Friday,West,Low
4/25/2019,Dekalb,Georgia,suburban,ES,0,10,April,Friday,South,High
4/30/2019,Charlotte,North Carolina,urban,C,2,4,April,Tuesday,South,High
5/4/2019,Eugene,Oregon,urban,C,1,0,May,Friday,West,Low
5/6/2019,Riverview,Florida,suburban,ES,0,0,May,Tuesday,South,Low
5/7/2019,Highlands Ranch,Colorado,suburban,HS,1,7,May,Tuesday,West,High
5/7/2019,Savannah,Georgia,urban,C,0,1,May,Thursday,South,Low
8/8/2019,Montgomery,Alabama,urban,ES,0,0,May,Thursday,South,Low
8/30/2019,Mobile,Alabama,urban,HS,0,10,May,Thursday,South,High
10/22/2019,Santa Rosa,California,suburban,HS,0,1,May,Wednesday,West,Low
11/14/2019,Santa Clarita,California,suburban,HS,2,4,May,Friday,West,High
11/15/2019,Pleasantville,New Jersey,suburban,HS,1,2,June,Monday,Northeast,Medium
11/23/2019,Union City,California,urban,ES,2,0,June,Monday,West,Low
12/2/2019,Waukesha,Wisconsin,suburban,HS,0,1,September,Friday,Midwest,Low
12/3/2019,Oshkosh,Wisconsin,suburban,HS,0,2,September,Saturday,Midwest,Low
1/8/2020,Belle Glade,Florida,rural,HS,0,1,December,Thursday,South,Low
1/11/2020,Dallas,Texas,urban,HS,1,1,December,Thursday,South,Low
1/14/2020,Bellaire,Texas,suburban,HS,1,0,January,Friday,South,Low
1/14/2020,Fort Worth,Texas,urban,HS,0,2,January,Friday,South,Low
1/23/2020,Oxnard,California,urban,ES,0,1,January,Thursday,West,Low
2/3/2020,Commerce,Texas,rural,C,2,1,February,Thursday,South,Medium
9/16/2020,Sonora,California,rural,HS,1,0,April,Friday,West,Low
9/16/2020,Macomb,Illinois,rural,C,0,1,April,Friday,Midwest,Low
2/26/2021,New Orleans,Louisiana,urban,HS,1,0,April,Tuesday,South,Low
3/1/2021,Pine Bluff,Arkansas,rural,MS,1,0,April,Tuesday,South,Low
4/12/2021,Knoxville,Tennessee,urban,HS,1,1,April,Friday,South,Low
4/26/2021,Plymouth,Minnesota,suburban,MS,0,0,May,Thursday,Unknown,Low
5/6/2021,Rigby,Idaho,rural,MS,0,3,May,Thursday,West,Medium
8/13/2021,Albuquerque,New Mexico,urban,MS,1,0,August,Wednesday,West,Low
8/18/2021,Orangeburg,South Carolina,rural,HS,0,3,September,Tuesday,South,Medium
8/27/2021,Woodridge,Virginia,suburban,HS,0,2,September,Thursday,South,Low
8/27/2021,Sharon Hill,Pennsylvania,suburban,HS,1,4,November,Friday,Northeast,Medium
8/27/2021,Wilmington,North Carolina,urban,HS,0,1,November,Friday,South,Low
9/1/2021,Winston-Salem,North Carolina,urban,HS,1,0,December,Monday,South,Low
9/4/2021,Towson,Maryland,suburban,C,0,3,December,Monday,South,Medium
9/20/2021,Newport News,Virginia,urban,HS,0,4,January,Wednesday,South,Medium
9/21/2021,Wichita,Kansas,urban,HS,0,3,February,Tuesday,Midwest,Medium
9/24/2021,Fairfield,Alabama,rural,HS,0,1,February,Tuesday,South,Low
9/30/2021,Memphis,Tennessee,urban,ES,0,1,May,Wednesday,South,Low
9/30/2021,Newton,Mississippi,rural,ES,0,1,May,Friday,South,Low
10/1/2021,Houston,Texas,urban,HS,0,1,May,Friday,South,Low
10/6/2021,Arlington,Texas,urban,HS,0,4,June,Wednesday,South,Medium
10/12/2021,Chicago,Illinois,urban,HS,0,2,July,Wednesday,Midwest,Low
10/13/2021,Grambling,Louisiana,rural,C,1,1,August,Monday,South,Low
10/17/2021,Grambling,Louisiana,rural,C,1,7,August,Monday,South,High
11/1/2021,Madison,Mississippi,rural,HS,0,0,September,Tuesday,South,Low
11/19/2021,Aurora,Colorado,suburban,HS,0,3,September,Tuesday,West,Medium
11/26/2021,Campbell,California,suburban,HS,0,2,September,Tuesday,West,Low
11/29/2021,Phoenix,Arizona,urban,HS,0,1,October,Monday,West,Low
11/30/2021,Oxford Township,Michigan,rural,HS,4,7,October,Thursday,Midwest,High
11/30/2021,Humbolt,Tennessee,rural,HS,1,2,October,Friday,South,Medium
12/6/2021,Wilmington,California,urban,ES,1,2,December,Friday,West,Medium
12/8/2021,Kansas City,Missouri,urban,MS,0,2,December,Friday,Midwest,Low
1/4/2022,Rockford,Illinois,urban,HS,0,2,January,Wednesday,Midwest,Low
1/9/2022,Murfreesboro,North Carolina,rural,C,0,0,January,Wednesday,South,Low
1/11/2022,Albuquerque,New Mexico,urban,HS,0,0,January,Monday,West,Low
1/19/2022,Sanford,Florida,suburban,HS,0,1,March,Friday,South,Low
1/19/2022,Pittsburgh,Pennsylvania,urban,HS,1,0,March,Monday,Northeast,Low
1/21/2022,Derwood,Maryland,suburban,HS,0,1,March,Monday,South,Low
1/29/2022,Beloit,Wisconsin,suburban,HS,1,0,March,Wednesday,Midwest,Low
2/1/2022,Richfield,Minnesota,suburban,HS,1,1,March,Wednesday,Unknown,Low
2/1/2022,Bridgewater,Virginia,suburban,C,2,1,March,Thursday,South,Medium
2/8/2022,Catonsville,Maryland,suburban,HS,0,1,March,Thursday,South,Low
3/4/2022,Olathe,Kansas,suburban,HS,0,3,March,Friday,Midwest,Medium
3/7/2022,Des Moines,Iowa,urban,HS,1,2,March,Friday,Midwest,Medium
3/31/2022,Greenville,South Carolina,urban,MS,1,0,April,Tuesday,South,Low
4/5/2022,Erie,Pennsylvania,urban,HS,0,1,April,Wednesday,Northeast,Low
4/22/2022,Washington,District of Columbia,urban,HS,0,4,May,Tuesday,South,Medium
5/9/2022,Suwanee,Georgia,suburban,HS,0,1,May,Wednesday,South,Low
5/17/2022,Chicago,Illinois,urban,ES,0,1,May,Thursday,Midwest,Low
5/24/2022,Uvalde,Texas,rural,ES,22,15,October,Friday,South,High
5/31/2022,New Orleans,Louisiana,urban,C,1,2,November,Monday,South,Medium
6/1/2022,Los Angeles,California,urban,ES,0,1,January,Tuesday,West,Low
8/19/2022,Clarksville,Tennessee,suburban,HS,0,0,January,Tuesday,South,Low
8/19/2022,Groveport,Ohio,suburban,HS,0,0,January,Wednesday,Midwest,Low
8/29/2022,Oakland,California,urban,HS,0,1,January,Wednesday,West,Low
9/3/2022,Dover,Delaware,urban,C,0,4,February,Wednesday,South,Medium
9/24/2022,Richfield,Minnesota,suburban,HS,0,2,June,Tuesday,Unknown,Low
9/27/2022,Philadelphia,Pennsylvania,urban,HS,1,4,July,Friday,Northeast,Medium
9/28/2022,Oakland,California,urban,HS,0,4,October,Friday,West,Medium
9/30/2022,Tulsa,Oklahoma,urban,HS,1,3,October,Monday,South,Medium
9/30/2022,Newburgh,New York,urban,HS,0,3,October,Monday,Northeast,Medium
10/5/2022,Tucson,Arizona,urban,C,1,0,October,Monday,West,Low
10/7/2022,Toledo,Ohio,urban,HS,0,3,October,Monday,Midwest,Medium
10/8/2022,Baltimore,Maryland,urban,C,0,1,October,Tuesday,South,Low
10/24/2022,St. Louis,Missouri,urban,HS,3,7,November,Thursday,Midwest,High
11/4/2022,West Hartford,Connecticut,suburban,C,0,1,December,Monday,Northeast,Low
11/8/2022,Seattle,Washington,urban,HS,1,0,March,Sunday,West,Low
11/12/2022,Orlando,Florida,urban,HS,1,2,April,Thursday,South,Medium
11/13/2022,Charlottesville,Virginia,urban,C,3,2,April,Monday,South,Medium
11/17/2022,Clinton,Indiana,rural,C,0,1,April,Monday,Midwest,Low
11/19/2022,Albuquerque,New Mexico,urban,C,1,1,April,Thursday,West,Low
11/27/2022,Tallahassee,Florida,urban,C,1,4,April,Thursday,South,Medium
12/8/2022,Fuquay-Varina,North Carolina,suburban,MS,0,0,April,Thursday,South,Low
1/4/2023,Detroit,Michigan,urban,ES,1,0,May,Friday,Midwest,Low
1/5/2023,Rochester,New York,urban,HS,0,0,May,Friday,Northeast,Low
1/6/2023,Newport News,Virginia,urban,ES,0,1,May,Tuesday,South,Low
1/7/2023,South Tabor,Oregon,rural,HS,0,1,June,Wednesday,West,Low
1/10/2023,Stanford,Kentucky,rural,ES,0,1,July,Tuesday,South,Low
1/23/2023,Des Moines,Iowa,urban,HS,2,1,September,Wednesday,Midwest,Medium
2/6/2023,Middletown,Delaware,suburban,HS,0,0,September,Wednesday,South,Low
2/13/2023,East Lansing,Michigan,urban,C,4,5,October,Thursday,Midwest,High
2/13/2023,Stapleton,New York,suburban,ES,0,0,November,Friday,Northeast,Low
2/14/2023,Homewood West,Pennsylvania,suburban,HS,0,4,January,Wednesday,Northeast,Medium
2/24/2023,Daytona Beach,Florida,urban,C,0,0,February,Monday,South,Low
3/3/2023,Orangeburg,South Carolina,rural,C,0,1,February,Monday,South,Low
3/11/2023,Waterville,Maine,rural,C,0,0,February,Monday,Northeast,Low
3/20/2023,Arlington,Texas,urban,HS,1,1,February,Monday,South,Low
3/22/2023,Dallas,Texas,urban,HS,0,1,February,Wednesday,South,Low
3/22/2023,City Park,Colorado,suburban,HS,1,2,March,Wednesday,West,Medium
3/25/2023,Orangeburg,South Carolina,rural,C,0,0,May,Friday,South,Low
3/27/2023,Nashville,Tennessee,urban,ES,7,1,May,Friday,South,High
3/30/2023,Winston-Salem,North Carolina,urban,C,0,1,May,Monday,South,Low
4/10/2023,Louisville,Kentucky,urban,C,1,1,June,Tuesday,South,Low
4/15/2023,Chester County,Pennsylvania,suburban,C,0,2,August,Monday,Northeast,Low
4/24/2023,Midwest City,Oklahoma,suburban,C,1,0,October,Monday,South,Low
4/27/2023,Richmond,Virginia,urban,HS,0,2,November,Monday,South,Low
4/28/2023,Knoxville,Tennessee,urban,HS,0,1,December,Friday,South,Low
4/29/2023,Tallahassee,Florida,urban,C,0,1,January,Thursday,South,Low
5/1/2023,Flint,Michigan,urban,HS,0,1,February,Tuesday,Midwest,Low
5/12/2023,Chadron,Nebraska,rural,C,0,0,March,Wednesday,Midwest,Low
5/12/2023,Lenoir City,Tennessee,rural,HS,1,0,March,Monday,South,Low
5/24/2023,Pittsburgh,Pennsylvania,urban,HS,1,0,March,Monday,Northeast,Low
6/2/2023,Worcester,Massachusetts,urban,HS,0,1,May,Tuesday,Northeast,Low
6/6/2023,Richmond,Virginia,urban,C,2,5,September,Tuesday,South,High
7/5/2023,Washington,District Of Columbia,urban,C,1,0,September,Tuesday,South,Low
7/13/2023,Washington,District Of Columbia,urban,C,1,0,November,Tuesday,South,Low
8/16/2023,Augusta,Georgia,urban,HS,0,1,November,Tuesday,South,Low
8/18/2023,Columbus,Georgia,urban,C,2,0,January,Friday,South,Low
8/22/2023,Seguin,Texas,rural,ES,0,0,January,Friday,South,Low
8/22/2023,Huntsville,Alabama,urban,C,0,2,January,Sunday,South,Low
8/25/2023,Choctaw,Oklahoma,rural,HS,1,4,February,Thursday,South,Medium
8/25/2023,Greensboro,North Carolina,urban,C,0,1,February,Thursday,South,Low
8/28/2023,Chapel Hill,North Carolina,urban,C,1,0,March,Tuesday,South,Low
9/12/2023,Greensburg,Louisiana,rural,C,1,2,March,Tuesday,South,Medium
9/15/2023,Country Club Hills,Illinois,suburban,HS,1,0,June,Monday,Midwest,Low
9/24/2023,Tuskegee,Alabama,rural,C,0,2,August,Thursday,South,Low
10/3/2023,Baltimore,Maryland,urban,C,0,5,August,Thursday,South,Medium
10/12/2023,Framingham,Massachusetts,suburban,C,0,0,August,Wednesday,Northeast,Low
10/15/2023,Kirkwood,Missouri,suburban,MS,0,0,August,Wednesday,Midwest,Low
10/15/2023,Jackson,Mississippi,urban,C,1,0,September,Saturday,South,Low
10/17/2023,Stanford,California,urban,C,0,1,September,Saturday,West,Low
10/23/2023,Germantown,Wisconsin,suburban,MS,1,0,September,Sunday,Midwest,Low
10/28/2023,Worcester,Massachusetts,urban,C,1,1,September,Sunday,Northeast,Low
11/3/2023,Las Vegas,Nevada,urban,HS,0,2,September,Wednesday,West,Low
11/13/2023,Victoria,Texas,rural,C,0,1,September,Wednesday,South,Low
11/13/2023,Prairie View,Texas,rural,C,1,0,September,Friday,South,Low
11/27/2023,Chicago,Illinois,urban,C,0,0,September,Friday,Midwest,Low
11/28/2023,Newport News,Virginia,urban,C,0,0,October,Monday,South,Low
12/6/2023,Las Vegas,Nevada,urban,C,4,3,October,Monday,West,High
1/4/2024,Perry,Iowa,rural,HS,3,6,October,Monday,Midwest,High
1/17/2024,Gary,Indiana,urban,C,0,0,October,Monday,Midwest,Low
1/29/2024,Austin,Texas,urban,HS,0,1,October,Tuesday,South,Low
1/30/2024,Mobile,Alabama,urban,HS,0,2,October,Sunday,South,Low
2/6/2024,Orangeburg,South Carolina,rural,C,0,1,November,Tuesday,South,Low
2/9/2024,Saco,Maine,rural,HS,0,0,December,Tuesday,Northeast,Low
2/9/2024,Berkeley,California,urban,C,0,0,January,Wednesday,West,Low
2/14/2024,Atlanta,Georgia,urban,HS,0,4,January,Wednesday,South,Medium
2/16/2024,Colorado Springs,Colorado,urban,C,2,0,February,Thursday,West,Low
2/19/2024,Mesquite,Texas,suburban,HS,0,1,March,Wednesday,South,Low
2/25/2024,Evanston,Illinois,suburban,C,0,0,March,Wednesday,Midwest,Low
2/26/2024,Odessa,Texas,suburban,HS,0,1,March,Wednesday,South,Low
3/11/2024,Springfield,Massachusetts,urban,HS,0,0,March,Saturday,Northeast,Low
4/2/2024,Cambridge,Massachusetts,urban,C,0,0,April,Monday,Northeast,Low
4/12/2024,Dallas,Texas,urban,HS,0,1,April,Tuesday,South,Low
4/21/2024,Dover,Delaware,urban,C,1,0,April,Monday,South,Low
4/22/2024,West Richland,Washington,suburban,ES,1,0,April,Monday,West,Low
4/15/2024,Greensboro,North Carolina,urban,C,0,0,September,Friday,South,Low
4/23/2024,Raleigh,North Carolina,urban,C,0,0,September,Friday,South,Low
4/24/2024,Arlington,Texas,urban,HS,1,0,September,Sunday,South,Low
4/30/2024,New York City,New York,urban,C,0,0,October,Wednesday,Northeast,Low
5/1/2024,Mount Horeb,Wisconsin,rural,MS,1,0,October,Wednesday,Midwest,Low
5/1/2024,Syracuse,New York,urban,C,0,0,November,Tuesday,Northeast,Low
5/3/2024,Washington,D.C.,urban,HS,0,1,January,Tuesday,Unknown,Low
5/18/2024,Kennesaw,Georgia,suburban,C,1,0,January,Wednesday,South,Low
5/19/2024,Cape Girardeau,Missouri,urban,C,0,2,January,Wednesday,Midwest,Low
6/6/2024,Seattle,Washington,urban,HS,1,0,February,Monday,West,Low
8/10/2024,Nashville,Tennessee,urban,C,0,2,February,Monday,South,Low
8/14/2024,Ettrick,Virginia,rural,C,0,4,February,Thursday,South,Medium
8/18/2024,Itta Bena,Mississippi,rural,C,0,2,February,Friday,South,Low
8/26/2024,Houston,Texas,urban,C,2,0,February,Friday,South,Low
8/30/2024,Huntsville,Alabama,urban,C,0,1,February,Monday,South,Low
8/21/2024,San Francisco,California,urban,HS,0,1,February,Monday,West,Low
9/3/2024,Huntsville,Alabama,urban,C,0,1,February,Tuesday,South,Low
9/4/2024,Winder,Georgia,rural,HS,4,9,February,Tuesday,South,High
9/4/2024,New York City,New York,urban,HS,0,1,February,Thursday,Northeast,Low
9/6/2024,Joppatowne,Maryland,suburban,HS,1,0,February,Thursday,South,Low
9/10/2024,Omaha,Nebraska,urban,HS,0,1,February,Saturday,Midwest,Low
9/19/2024,Atlanta,Georgia,urban,C,0,0,February,Wednesday,South,Low
9/22/2024,Tucson,Arizona,urban,C,1,0,February,Thursday,West,Low
10/5/2024,Colorado Springs,Colorado,urban,HS,1,0,March,Thursday,West,Low
10/10/2024,Coatesville,Pennsylvania,suburban,HS,0,0,March,Friday,Northeast,Low
10/14/2024,Santa Monica,California,urban,C,2,0,April,Saturday,West,Low
10/17/2024,Louisville,Kentucky,urban,HS,0,1,April,Wednesday,South,Low
10/19/2024,Albany,Georgia,urban,C,1,5,April,Thursday,South,High
10/29/2024,Bridgeport,Connecticut,urban,C,0,1,April,Tuesday,Northeast,Low
10/31/2024,Painesville Township,Ohio,suburban,ES,0,0,July,Thursday,Midwest,Low
11/6/2024,Wilmington,Delaware,urban,MS,0,0,August,Thursday,South,Low
11/8/2024,Philadelphia,Pennsylvania,urban,C,0,1,August,Thursday,Northeast,Low
11/10/2024,Country Club Hills,Illinois,suburban,MS,1,0,August,Thursday,Midwest,Low
11/10/2024,Tuskegee,Alabama,rural,C,1,16,August,Thursday,South,High
12/4/2024,Palermo,California,rural,HS,1,2,August,Friday,West,Medium
12/14/2024,Valdosta,Georgia,urban,C,0,0,September,Tuesday,South,Low
12/16/2024,Madison,Wisconsin,suburban,HS,3,6,September,Tuesday,Midwest,High